"","sample","Family_ncbi","Order_ncbi","reads","Method","Island","Year","ID","Date.Collected","Size","Extract..Date","Sterilized","Source"
"1","HEV07","Acrididae","Orthoptera",5391,"Hand","Cooper",2017,"Heteropoda venatoria","7/29/17",15.5,"3/14/18","SS","LAB"
"2","HEV07","Anisolabididae","Dermaptera",0,"Hand","Cooper",2017,"Heteropoda venatoria","7/29/17",15.5,"3/14/18","SS","LAB"
"3","HEV07","Blaberidae","Blattodea",0,"Hand","Cooper",2017,"Heteropoda venatoria","7/29/17",15.5,"3/14/18","SS","LAB"
"4","HEV07","Blattidae","Blattodea",0,"Hand","Cooper",2017,"Heteropoda venatoria","7/29/17",15.5,"3/14/18","SS","LAB"
"5","HEV07","Elateridae","Coleoptera",0,"Hand","Cooper",2017,"Heteropoda venatoria","7/29/17",15.5,"3/14/18","SS","LAB"
"6","HEV07","Gekkonidae","Squamata",0,"Hand","Cooper",2017,"Heteropoda venatoria","7/29/17",15.5,"3/14/18","SS","LAB"
"7","HEV07","Platystomatidae","Diptera",0,"Hand","Cooper",2017,"Heteropoda venatoria","7/29/17",15.5,"3/14/18","SS","LAB"
"8","HEV10","Acrididae","Orthoptera",147,"Hand","Cooper",2017,"Heteropoda venatoria","7/29/17",16.9,"3/14/18","SS","LAB"
"9","HEV10","Anisolabididae","Dermaptera",0,"Hand","Cooper",2017,"Heteropoda venatoria","7/29/17",16.9,"3/14/18","SS","LAB"
"10","HEV10","Blaberidae","Blattodea",0,"Hand","Cooper",2017,"Heteropoda venatoria","7/29/17",16.9,"3/14/18","SS","LAB"
"11","HEV10","Blattidae","Blattodea",0,"Hand","Cooper",2017,"Heteropoda venatoria","7/29/17",16.9,"3/14/18","SS","LAB"
"12","HEV10","Elateridae","Coleoptera",0,"Hand","Cooper",2017,"Heteropoda venatoria","7/29/17",16.9,"3/14/18","SS","LAB"
"13","HEV10","Gekkonidae","Squamata",0,"Hand","Cooper",2017,"Heteropoda venatoria","7/29/17",16.9,"3/14/18","SS","LAB"
"14","HEV10","Platystomatidae","Diptera",0,"Hand","Cooper",2017,"Heteropoda venatoria","7/29/17",16.9,"3/14/18","SS","LAB"
"15","HEV11","Acrididae","Orthoptera",0,"Hand","Cooper",2017,"Heteropoda venatoria","8/7/17",17.6,"3/14/18","SS","LAB"
"16","HEV11","Anisolabididae","Dermaptera",0,"Hand","Cooper",2017,"Heteropoda venatoria","8/7/17",17.6,"3/14/18","SS","LAB"
"17","HEV11","Blaberidae","Blattodea",0,"Hand","Cooper",2017,"Heteropoda venatoria","8/7/17",17.6,"3/14/18","SS","LAB"
"18","HEV11","Blattidae","Blattodea",0,"Hand","Cooper",2017,"Heteropoda venatoria","8/7/17",17.6,"3/14/18","SS","LAB"
"19","HEV11","Elateridae","Coleoptera",0,"Hand","Cooper",2017,"Heteropoda venatoria","8/7/17",17.6,"3/14/18","SS","LAB"
"20","HEV11","Gekkonidae","Squamata",0,"Hand","Cooper",2017,"Heteropoda venatoria","8/7/17",17.6,"3/14/18","SS","LAB"
"21","HEV11","Platystomatidae","Diptera",0,"Hand","Cooper",2017,"Heteropoda venatoria","8/7/17",17.6,"3/14/18","SS","LAB"
"22","HEV12","Acrididae","Orthoptera",50,"Hand","Cooper",2017,"Heteropoda venatoria","8/2/17",17.8,"3/14/18","SS","LAB"
"23","HEV12","Anisolabididae","Dermaptera",0,"Hand","Cooper",2017,"Heteropoda venatoria","8/2/17",17.8,"3/14/18","SS","LAB"
"24","HEV12","Blaberidae","Blattodea",0,"Hand","Cooper",2017,"Heteropoda venatoria","8/2/17",17.8,"3/14/18","SS","LAB"
"25","HEV12","Blattidae","Blattodea",0,"Hand","Cooper",2017,"Heteropoda venatoria","8/2/17",17.8,"3/14/18","SS","LAB"
"26","HEV12","Elateridae","Coleoptera",249,"Hand","Cooper",2017,"Heteropoda venatoria","8/2/17",17.8,"3/14/18","SS","LAB"
"27","HEV12","Gekkonidae","Squamata",0,"Hand","Cooper",2017,"Heteropoda venatoria","8/2/17",17.8,"3/14/18","SS","LAB"
"28","HEV12","Platystomatidae","Diptera",0,"Hand","Cooper",2017,"Heteropoda venatoria","8/2/17",17.8,"3/14/18","SS","LAB"
"29","HEV13","Acrididae","Orthoptera",2,"Hand","Cooper",2017,"Heteropoda venatoria","7/29/17",18.6,"3/14/18","SS","LAB"
"30","HEV13","Anisolabididae","Dermaptera",0,"Hand","Cooper",2017,"Heteropoda venatoria","7/29/17",18.6,"3/14/18","SS","LAB"
"31","HEV13","Blaberidae","Blattodea",0,"Hand","Cooper",2017,"Heteropoda venatoria","7/29/17",18.6,"3/14/18","SS","LAB"
"32","HEV13","Blattidae","Blattodea",0,"Hand","Cooper",2017,"Heteropoda venatoria","7/29/17",18.6,"3/14/18","SS","LAB"
"33","HEV13","Elateridae","Coleoptera",0,"Hand","Cooper",2017,"Heteropoda venatoria","7/29/17",18.6,"3/14/18","SS","LAB"
"34","HEV13","Gekkonidae","Squamata",0,"Hand","Cooper",2017,"Heteropoda venatoria","7/29/17",18.6,"3/14/18","SS","LAB"
"35","HEV13","Platystomatidae","Diptera",0,"Hand","Cooper",2017,"Heteropoda venatoria","7/29/17",18.6,"3/14/18","SS","LAB"
"36","HEV14","Acrididae","Orthoptera",0,"Hand","Cooper",2017,"Heteropoda venatoria","8/2/17",18.8,"3/14/18","SS","LAB"
"37","HEV14","Anisolabididae","Dermaptera",0,"Hand","Cooper",2017,"Heteropoda venatoria","8/2/17",18.8,"3/14/18","SS","LAB"
"38","HEV14","Blaberidae","Blattodea",30,"Hand","Cooper",2017,"Heteropoda venatoria","8/2/17",18.8,"3/14/18","SS","LAB"
"39","HEV14","Blattidae","Blattodea",0,"Hand","Cooper",2017,"Heteropoda venatoria","8/2/17",18.8,"3/14/18","SS","LAB"
"40","HEV14","Elateridae","Coleoptera",0,"Hand","Cooper",2017,"Heteropoda venatoria","8/2/17",18.8,"3/14/18","SS","LAB"
"41","HEV14","Gekkonidae","Squamata",0,"Hand","Cooper",2017,"Heteropoda venatoria","8/2/17",18.8,"3/14/18","SS","LAB"
"42","HEV14","Platystomatidae","Diptera",915,"Hand","Cooper",2017,"Heteropoda venatoria","8/2/17",18.8,"3/14/18","SS","LAB"
"43","HEV15","Acrididae","Orthoptera",122,"Hand","Cooper",2017,"Heteropoda venatoria","8/19/17",20.2,"3/14/18","NS","LAB"
"44","HEV15","Anisolabididae","Dermaptera",0,"Hand","Cooper",2017,"Heteropoda venatoria","8/19/17",20.2,"3/14/18","NS","LAB"
"45","HEV15","Blaberidae","Blattodea",0,"Hand","Cooper",2017,"Heteropoda venatoria","8/19/17",20.2,"3/14/18","NS","LAB"
"46","HEV15","Blattidae","Blattodea",0,"Hand","Cooper",2017,"Heteropoda venatoria","8/19/17",20.2,"3/14/18","NS","LAB"
"47","HEV15","Elateridae","Coleoptera",0,"Hand","Cooper",2017,"Heteropoda venatoria","8/19/17",20.2,"3/14/18","NS","LAB"
"48","HEV15","Gekkonidae","Squamata",0,"Hand","Cooper",2017,"Heteropoda venatoria","8/19/17",20.2,"3/14/18","NS","LAB"
"49","HEV15","Platystomatidae","Diptera",0,"Hand","Cooper",2017,"Heteropoda venatoria","8/19/17",20.2,"3/14/18","NS","LAB"
"50","HEV16","Acrididae","Orthoptera",0,"Hand","Cooper",2017,"Heteropoda venatoria","8/7/17",20.9,"3/14/18","SS","LAB"
"51","HEV16","Anisolabididae","Dermaptera",0,"Hand","Cooper",2017,"Heteropoda venatoria","8/7/17",20.9,"3/14/18","SS","LAB"
"52","HEV16","Blaberidae","Blattodea",29,"Hand","Cooper",2017,"Heteropoda venatoria","8/7/17",20.9,"3/14/18","SS","LAB"
"53","HEV16","Blattidae","Blattodea",0,"Hand","Cooper",2017,"Heteropoda venatoria","8/7/17",20.9,"3/14/18","SS","LAB"
"54","HEV16","Elateridae","Coleoptera",0,"Hand","Cooper",2017,"Heteropoda venatoria","8/7/17",20.9,"3/14/18","SS","LAB"
"55","HEV16","Gekkonidae","Squamata",0,"Hand","Cooper",2017,"Heteropoda venatoria","8/7/17",20.9,"3/14/18","SS","LAB"
"56","HEV16","Platystomatidae","Diptera",0,"Hand","Cooper",2017,"Heteropoda venatoria","8/7/17",20.9,"3/14/18","SS","LAB"
"57","HEV17","Acrididae","Orthoptera",25,"Hand","Cooper",2017,"Heteropoda venatoria","8/7/17",21,"3/14/18","NS","LAB"
"58","HEV17","Anisolabididae","Dermaptera",0,"Hand","Cooper",2017,"Heteropoda venatoria","8/7/17",21,"3/14/18","NS","LAB"
"59","HEV17","Blaberidae","Blattodea",0,"Hand","Cooper",2017,"Heteropoda venatoria","8/7/17",21,"3/14/18","NS","LAB"
"60","HEV17","Blattidae","Blattodea",0,"Hand","Cooper",2017,"Heteropoda venatoria","8/7/17",21,"3/14/18","NS","LAB"
"61","HEV17","Elateridae","Coleoptera",0,"Hand","Cooper",2017,"Heteropoda venatoria","8/7/17",21,"3/14/18","NS","LAB"
"62","HEV17","Gekkonidae","Squamata",0,"Hand","Cooper",2017,"Heteropoda venatoria","8/7/17",21,"3/14/18","NS","LAB"
"63","HEV17","Platystomatidae","Diptera",0,"Hand","Cooper",2017,"Heteropoda venatoria","8/7/17",21,"3/14/18","NS","LAB"
"64","HEV18","Acrididae","Orthoptera",37,"Hand","Cooper",2017,"Heteropoda venatoria","8/19/17",21.1,"3/14/18","NS","LAB"
"65","HEV18","Anisolabididae","Dermaptera",0,"Hand","Cooper",2017,"Heteropoda venatoria","8/19/17",21.1,"3/14/18","NS","LAB"
"66","HEV18","Blaberidae","Blattodea",147,"Hand","Cooper",2017,"Heteropoda venatoria","8/19/17",21.1,"3/14/18","NS","LAB"
"67","HEV18","Blattidae","Blattodea",0,"Hand","Cooper",2017,"Heteropoda venatoria","8/19/17",21.1,"3/14/18","NS","LAB"
"68","HEV18","Elateridae","Coleoptera",0,"Hand","Cooper",2017,"Heteropoda venatoria","8/19/17",21.1,"3/14/18","NS","LAB"
"69","HEV18","Gekkonidae","Squamata",0,"Hand","Cooper",2017,"Heteropoda venatoria","8/19/17",21.1,"3/14/18","NS","LAB"
"70","HEV18","Platystomatidae","Diptera",40,"Hand","Cooper",2017,"Heteropoda venatoria","8/19/17",21.1,"3/14/18","NS","LAB"
"71","HEV20","Acrididae","Orthoptera",23,"Hand","Cooper",2017,"Heteropoda venatoria","8/16/17",21.4,"3/14/18","NS","LAB"
"72","HEV20","Anisolabididae","Dermaptera",0,"Hand","Cooper",2017,"Heteropoda venatoria","8/16/17",21.4,"3/14/18","NS","LAB"
"73","HEV20","Blaberidae","Blattodea",195,"Hand","Cooper",2017,"Heteropoda venatoria","8/16/17",21.4,"3/14/18","NS","LAB"
"74","HEV20","Blattidae","Blattodea",0,"Hand","Cooper",2017,"Heteropoda venatoria","8/16/17",21.4,"3/14/18","NS","LAB"
"75","HEV20","Elateridae","Coleoptera",0,"Hand","Cooper",2017,"Heteropoda venatoria","8/16/17",21.4,"3/14/18","NS","LAB"
"76","HEV20","Gekkonidae","Squamata",0,"Hand","Cooper",2017,"Heteropoda venatoria","8/16/17",21.4,"3/14/18","NS","LAB"
"77","HEV20","Platystomatidae","Diptera",0,"Hand","Cooper",2017,"Heteropoda venatoria","8/16/17",21.4,"3/14/18","NS","LAB"
"78","HEV21","Acrididae","Orthoptera",327,"Hand","Cooper",2017,"Heteropoda venatoria","8/19/17",22.1,"3/14/18","NS","LAB"
"79","HEV21","Anisolabididae","Dermaptera",0,"Hand","Cooper",2017,"Heteropoda venatoria","8/19/17",22.1,"3/14/18","NS","LAB"
"80","HEV21","Blaberidae","Blattodea",55,"Hand","Cooper",2017,"Heteropoda venatoria","8/19/17",22.1,"3/14/18","NS","LAB"
"81","HEV21","Blattidae","Blattodea",0,"Hand","Cooper",2017,"Heteropoda venatoria","8/19/17",22.1,"3/14/18","NS","LAB"
"82","HEV21","Elateridae","Coleoptera",0,"Hand","Cooper",2017,"Heteropoda venatoria","8/19/17",22.1,"3/14/18","NS","LAB"
"83","HEV21","Gekkonidae","Squamata",92,"Hand","Cooper",2017,"Heteropoda venatoria","8/19/17",22.1,"3/14/18","NS","LAB"
"84","HEV21","Platystomatidae","Diptera",0,"Hand","Cooper",2017,"Heteropoda venatoria","8/19/17",22.1,"3/14/18","NS","LAB"
"85","HEV22","Acrididae","Orthoptera",0,"Hand","Cooper",2017,"Heteropoda venatoria","8/2/17",22.6,"3/14/18","NS","LAB"
"86","HEV22","Anisolabididae","Dermaptera",0,"Hand","Cooper",2017,"Heteropoda venatoria","8/2/17",22.6,"3/14/18","NS","LAB"
"87","HEV22","Blaberidae","Blattodea",12,"Hand","Cooper",2017,"Heteropoda venatoria","8/2/17",22.6,"3/14/18","NS","LAB"
"88","HEV22","Blattidae","Blattodea",0,"Hand","Cooper",2017,"Heteropoda venatoria","8/2/17",22.6,"3/14/18","NS","LAB"
"89","HEV22","Elateridae","Coleoptera",0,"Hand","Cooper",2017,"Heteropoda venatoria","8/2/17",22.6,"3/14/18","NS","LAB"
"90","HEV22","Gekkonidae","Squamata",0,"Hand","Cooper",2017,"Heteropoda venatoria","8/2/17",22.6,"3/14/18","NS","LAB"
"91","HEV22","Platystomatidae","Diptera",0,"Hand","Cooper",2017,"Heteropoda venatoria","8/2/17",22.6,"3/14/18","NS","LAB"
"92","HEV23","Acrididae","Orthoptera",26,"Hand","Cooper",2017,"Heteropoda venatoria","8/14/17",24.3,"3/14/18","NS","LAB"
"93","HEV23","Anisolabididae","Dermaptera",1,"Hand","Cooper",2017,"Heteropoda venatoria","8/14/17",24.3,"3/14/18","NS","LAB"
"94","HEV23","Blaberidae","Blattodea",0,"Hand","Cooper",2017,"Heteropoda venatoria","8/14/17",24.3,"3/14/18","NS","LAB"
"95","HEV23","Blattidae","Blattodea",0,"Hand","Cooper",2017,"Heteropoda venatoria","8/14/17",24.3,"3/14/18","NS","LAB"
"96","HEV23","Elateridae","Coleoptera",0,"Hand","Cooper",2017,"Heteropoda venatoria","8/14/17",24.3,"3/14/18","NS","LAB"
"97","HEV23","Gekkonidae","Squamata",0,"Hand","Cooper",2017,"Heteropoda venatoria","8/14/17",24.3,"3/14/18","NS","LAB"
"98","HEV23","Platystomatidae","Diptera",0,"Hand","Cooper",2017,"Heteropoda venatoria","8/14/17",24.3,"3/14/18","NS","LAB"
"99","HEV24","Acrididae","Orthoptera",179,"Hand","Cooper",2017,"Heteropoda venatoria","8/16/17",24.3,"3/14/18","NS","LAB"
"100","HEV24","Anisolabididae","Dermaptera",0,"Hand","Cooper",2017,"Heteropoda venatoria","8/16/17",24.3,"3/14/18","NS","LAB"
"101","HEV24","Blaberidae","Blattodea",0,"Hand","Cooper",2017,"Heteropoda venatoria","8/16/17",24.3,"3/14/18","NS","LAB"
"102","HEV24","Blattidae","Blattodea",0,"Hand","Cooper",2017,"Heteropoda venatoria","8/16/17",24.3,"3/14/18","NS","LAB"
"103","HEV24","Elateridae","Coleoptera",0,"Hand","Cooper",2017,"Heteropoda venatoria","8/16/17",24.3,"3/14/18","NS","LAB"
"104","HEV24","Gekkonidae","Squamata",0,"Hand","Cooper",2017,"Heteropoda venatoria","8/16/17",24.3,"3/14/18","NS","LAB"
"105","HEV24","Platystomatidae","Diptera",0,"Hand","Cooper",2017,"Heteropoda venatoria","8/16/17",24.3,"3/14/18","NS","LAB"
"106","HEV25","Acrididae","Orthoptera",68,"Hand","Cooper",2017,"Heteropoda venatoria","8/14/17",24.6,"3/14/18","NS","LAB"
"107","HEV25","Anisolabididae","Dermaptera",0,"Hand","Cooper",2017,"Heteropoda venatoria","8/14/17",24.6,"3/14/18","NS","LAB"
"108","HEV25","Blaberidae","Blattodea",0,"Hand","Cooper",2017,"Heteropoda venatoria","8/14/17",24.6,"3/14/18","NS","LAB"
"109","HEV25","Blattidae","Blattodea",0,"Hand","Cooper",2017,"Heteropoda venatoria","8/14/17",24.6,"3/14/18","NS","LAB"
"110","HEV25","Elateridae","Coleoptera",0,"Hand","Cooper",2017,"Heteropoda venatoria","8/14/17",24.6,"3/14/18","NS","LAB"
"111","HEV25","Gekkonidae","Squamata",0,"Hand","Cooper",2017,"Heteropoda venatoria","8/14/17",24.6,"3/14/18","NS","LAB"
"112","HEV25","Platystomatidae","Diptera",0,"Hand","Cooper",2017,"Heteropoda venatoria","8/14/17",24.6,"3/14/18","NS","LAB"
"113","HEV26","Acrididae","Orthoptera",122,"Hand","Cooper",2017,"Heteropoda venatoria","8/16/17",24.7,"3/14/18","NS","LAB"
"114","HEV26","Anisolabididae","Dermaptera",0,"Hand","Cooper",2017,"Heteropoda venatoria","8/16/17",24.7,"3/14/18","NS","LAB"
"115","HEV26","Blaberidae","Blattodea",3,"Hand","Cooper",2017,"Heteropoda venatoria","8/16/17",24.7,"3/14/18","NS","LAB"
"116","HEV26","Blattidae","Blattodea",3,"Hand","Cooper",2017,"Heteropoda venatoria","8/16/17",24.7,"3/14/18","NS","LAB"
"117","HEV26","Elateridae","Coleoptera",0,"Hand","Cooper",2017,"Heteropoda venatoria","8/16/17",24.7,"3/14/18","NS","LAB"
"118","HEV26","Gekkonidae","Squamata",0,"Hand","Cooper",2017,"Heteropoda venatoria","8/16/17",24.7,"3/14/18","NS","LAB"
"119","HEV26","Platystomatidae","Diptera",0,"Hand","Cooper",2017,"Heteropoda venatoria","8/16/17",24.7,"3/14/18","NS","LAB"
"120","HEV27","Acrididae","Orthoptera",0,"Hand","Cooper",2017,"Heteropoda venatoria","8/7/17",25.4,"3/14/18","SS","LAB"
"121","HEV27","Anisolabididae","Dermaptera",0,"Hand","Cooper",2017,"Heteropoda venatoria","8/7/17",25.4,"3/14/18","SS","LAB"
"122","HEV27","Blaberidae","Blattodea",51,"Hand","Cooper",2017,"Heteropoda venatoria","8/7/17",25.4,"3/14/18","SS","LAB"
"123","HEV27","Blattidae","Blattodea",0,"Hand","Cooper",2017,"Heteropoda venatoria","8/7/17",25.4,"3/14/18","SS","LAB"
"124","HEV27","Elateridae","Coleoptera",0,"Hand","Cooper",2017,"Heteropoda venatoria","8/7/17",25.4,"3/14/18","SS","LAB"
"125","HEV27","Gekkonidae","Squamata",0,"Hand","Cooper",2017,"Heteropoda venatoria","8/7/17",25.4,"3/14/18","SS","LAB"
"126","HEV27","Platystomatidae","Diptera",0,"Hand","Cooper",2017,"Heteropoda venatoria","8/7/17",25.4,"3/14/18","SS","LAB"
"127","HEV29","Acrididae","Orthoptera",20,"Hand","Cooper",2017,"Heteropoda venatoria","8/14/17",27.5,"3/14/18","NS","LAB"
"128","HEV29","Anisolabididae","Dermaptera",0,"Hand","Cooper",2017,"Heteropoda venatoria","8/14/17",27.5,"3/14/18","NS","LAB"
"129","HEV29","Blaberidae","Blattodea",0,"Hand","Cooper",2017,"Heteropoda venatoria","8/14/17",27.5,"3/14/18","NS","LAB"
"130","HEV29","Blattidae","Blattodea",0,"Hand","Cooper",2017,"Heteropoda venatoria","8/14/17",27.5,"3/14/18","NS","LAB"
"131","HEV29","Elateridae","Coleoptera",0,"Hand","Cooper",2017,"Heteropoda venatoria","8/14/17",27.5,"3/14/18","NS","LAB"
"132","HEV29","Gekkonidae","Squamata",0,"Hand","Cooper",2017,"Heteropoda venatoria","8/14/17",27.5,"3/14/18","NS","LAB"
"133","HEV29","Platystomatidae","Diptera",0,"Hand","Cooper",2017,"Heteropoda venatoria","8/14/17",27.5,"3/14/18","NS","LAB"
