ASV,ID,Level,Kingdom,Phylum,Class,Order,Family,Genus,Species
ASV_1,Heteropoda venatoria,Species,Animalia,Arthropoda,Arachnida,Araneae,Sparassidae,Heteropoda,Heteropoda venatoria
ASV_2,Heteropoda venatoria,Species,Animalia,Arthropoda,Arachnida,Araneae,Sparassidae,Heteropoda,Heteropoda venatoria
ASV_3,Heteropoda venatoria,Species,Animalia,Arthropoda,Arachnida,Araneae,Sparassidae,Heteropoda,Heteropoda venatoria
ASV_5,Heteropoda venatoria,Species,Animalia,Arthropoda,Arachnida,Araneae,Sparassidae,Heteropoda,Heteropoda venatoria
ASV_7,Heteropoda venatoria,Species,Animalia,Arthropoda,Arachnida,Araneae,Sparassidae,Heteropoda,Heteropoda venatoria
ASV_8,Heteropoda venatoria,Species,Animalia,Arthropoda,Arachnida,Araneae,Sparassidae,Heteropoda,Heteropoda venatoria
ASV_9,Heteropoda venatoria,Species,Animalia,Arthropoda,Arachnida,Araneae,Sparassidae,Heteropoda,Heteropoda venatoria
ASV_10,Heteropoda venatoria,Species,Animalia,Arthropoda,Arachnida,Araneae,Sparassidae,Heteropoda,Heteropoda venatoria
ASV_11,Heteropoda venatoria,Species,Animalia,Arthropoda,Arachnida,Araneae,Sparassidae,Heteropoda,Heteropoda venatoria
ASV_12,Heteropoda venatoria,Species,Animalia,Arthropoda,Arachnida,Araneae,Sparassidae,Heteropoda,Heteropoda venatoria
ASV_14,Heteropoda venatoria,Species,Animalia,Arthropoda,Arachnida,Araneae,Sparassidae,Heteropoda,Heteropoda venatoria
ASV_15,Heteropoda venatoria,Species,Animalia,Arthropoda,Arachnida,Araneae,Sparassidae,Heteropoda,Heteropoda venatoria
ASV_16,Heteropoda venatoria,Species,Animalia,Arthropoda,Arachnida,Araneae,Sparassidae,Heteropoda,Heteropoda venatoria
ASV_17,Heteropoda venatoria,Species,Animalia,Arthropoda,Arachnida,Araneae,Sparassidae,Heteropoda,Heteropoda venatoria
ASV_18,Heteropoda venatoria,Species,Animalia,Arthropoda,Arachnida,Araneae,Sparassidae,Heteropoda,Heteropoda venatoria
ASV_19,Heteropoda venatoria,Species,Animalia,Arthropoda,Arachnida,Araneae,Sparassidae,Heteropoda,Heteropoda venatoria
ASV_21,Heteropoda venatoria,Species,Animalia,Arthropoda,Arachnida,Araneae,Sparassidae,Heteropoda,Heteropoda venatoria
ASV_22,Heteropoda venatoria,Species,Animalia,Arthropoda,Arachnida,Araneae,Sparassidae,Heteropoda,Heteropoda venatoria
ASV_24,Heteropoda venatoria,Species,Animalia,Arthropoda,Arachnida,Araneae,Sparassidae,Heteropoda,Heteropoda venatoria
ASV_25,Heteropoda venatoria,Species,Animalia,Arthropoda,Arachnida,Araneae,Sparassidae,Heteropoda,Heteropoda venatoria
ASV_26,Heteropoda venatoria,Species,Animalia,Arthropoda,Arachnida,Araneae,Sparassidae,Heteropoda,Heteropoda venatoria
ASV_27,Heteropoda venatoria,Species,Animalia,Arthropoda,Arachnida,Araneae,Sparassidae,Heteropoda,Heteropoda venatoria
ASV_28,Heteropoda venatoria,Species,Animalia,Arthropoda,Arachnida,Araneae,Sparassidae,Heteropoda,Heteropoda venatoria
ASV_29,Heteropoda venatoria,Species,Animalia,Arthropoda,Arachnida,Araneae,Sparassidae,Heteropoda,Heteropoda venatoria
ASV_30,Heteropoda venatoria,Species,Animalia,Arthropoda,Arachnida,Araneae,Sparassidae,Heteropoda,Heteropoda venatoria
ASV_33,Heteropoda venatoria,Species,Animalia,Arthropoda,Arachnida,Araneae,Sparassidae,Heteropoda,Heteropoda venatoria
ASV_35,Heteropoda venatoria,Species,Animalia,Arthropoda,Arachnida,Araneae,Sparassidae,Heteropoda,Heteropoda venatoria
ASV_38,Heteropoda venatoria,Species,Animalia,Arthropoda,Arachnida,Araneae,Sparassidae,Heteropoda,Heteropoda venatoria